Chessington South Ward,	51.3263196402,	-0.330756432572,	51.3663521906,	-0.28510102442
Tolworth and Hook Rise Ward,	51.3651516285,	-0.308457219737,	51.3832869414,	-0.272569131737
Berrylands Ward,	51.3844224894,	-0.303849640334,	51.3998063491,	-0.275935821581
Alexandra2 Ward,	51.3722653284,	-0.291521729067,	51.3971505092,	-0.261124821527
Beverley Ward,	51.3958397394,	-0.27803677642,	51.4122595228,	-0.244682987714
Coombe Hill Ward,	51.4094831226,	-0.286618828816,	51.4372906974,	-0.247136939218
Chessington North and Hook Ward,	51.3631704083,	-0.318523331128,	51.3758608053,	-0.28409484113
Surbiton Hill Ward,	51.3780360195,	-0.313158544399,	51.3925237804,	-0.287310302009
Old Malden Ward,	51.3787587467,	-0.269900082328,	51.3921489319,	-0.238744586055
St. Mark's Ward,	51.387633358,	-0.317720101875,	51.4017420367,	-0.280291213269
Grove Ward,	51.395494393,	-0.312977946781,	51.4135138596,	-0.276998989047
Canbury Ward,	51.4122574475,	-0.308512009177,	51.4233265234,	-0.283679694544
Norbiton Ward,	51.4006066291,	-0.296763734747,	51.4133686802,	-0.271842603162
Coombe Vale Ward,	51.4021418578,	-0.281071310023,	51.4168184258,	-0.256902966997
St. James Ward,	51.3857952916,	-0.275935821581,	51.3994473159,	-0.240824063904
Tudor Ward,	51.4163509475,	-0.314469206362,	51.4322109207,	-0.286618828816
Coulsdon East Ward,	51.2867601625,	-0.150019959952,	51.3256462631,	-0.0943037809011
Selsdon and Ballards Ward,	51.32125516,	-0.0796167038414,	51.3627871165,	-0.0379927286806
Coulsdon West Ward,	51.3002877875,	-0.161905469637,	51.3399156164,	-0.117298401281
Waddon Ward,	51.3450425242,	-0.124715148061,	51.3755194757,	-0.0977828119778
Kenley Ward,	51.3002968042,	-0.130490003664,	51.3365897934,	-0.0817489033053
Purley Ward,	51.3283842436,	-0.144595445137,	51.3501009808,	-0.0938919371862
Sanderstead Ward,	51.3166824414,	-0.102957466535,	51.3474928027,	-0.0552242384628
Heathfield1 Ward,	51.3298043686,	-0.0688833553998,	51.3785217192,	-0.0106914510258
Fairfield1 Ward,	51.362173466,	-0.107011400885,	51.3827568859,	-0.0634685835223
Broad Green Ward,	51.3705512071,	-0.133260520702,	51.3901865118,	-0.098531961441
West Thornton Ward,	51.3853843074,	-0.134402769772,	51.4018965455,	-0.103719942859
Bensham Manor Ward,	51.3889312308,	-0.118616578728,	51.4053075867,	-0.0931309171643
Norbury Ward,	51.3988022726,	-0.132481096427,	51.42324421,	-0.105433252534
New Addington Ward,	51.3287777658,	-0.0285324656795,	51.3535908946,	0.00328184772971
Croham Ward,	51.3443651085,	-0.106656595173,	51.3667209499,	-0.0691456333584
Fieldway Ward,	51.3462449239,	-0.0305867622843,	51.3612525245,	-0.0052914480339
Shirley Ward,	51.3647985666,	-0.0577942079413,	51.3893447319,	-0.0231197043175
Selhurst Ward,	51.3811229486,	-0.110690619352,	51.399765936,	-0.0770940542992
Ashburton Ward,	51.3741797604,	-0.0747509547684,	51.3949212858,	-0.0414098209549
Woodside1 Ward,	51.3845273977,	-0.0824477947353,	51.4015644159,	-0.0503477742093
Thornton Heath Ward,	51.3950395086,	-0.110017791332,	51.4103773351,	-0.0830116763365
Upper Norwood Ward,	51.4053462579,	-0.115558171104,	51.422818864,	-0.0784560792003
South Norwood Ward,	51.3932270786,	-0.0901718937035,	51.4174355896,	-0.0631134270984
Addiscombe Ward,	51.3748056014,	-0.0926668591397,	51.3885100224,	-0.0709180838125
Darwin Ward,	51.2893550642,	-0.00298502214391,	51.3577986472,	0.0992569102957
Hayes and Coney Hall Ward,	51.3455219558,	-0.0198116931623,	51.3935082462,	0.0353837348705
Bromley Common and Keston Ward,	51.347639252,	0.0191995290282,	51.3963568144,	0.0659193517526
Chelsfield and Pratts Bottom Ward,	51.3202350957,	0.07817055986,	51.3719942378,	0.148321009724
Biggin Hill Ward,	51.2916853036,	0.0021817593065,	51.3352050543,	0.0444415527379
West Wickham Ward,	51.3636326165,	-0.0268218720361,	51.3924155934,	0.00395045998244
Clock House Ward,	51.3977180444,	-0.0685973526626,	51.4155450391,	-0.0288574532528
Kelsey and Eden Park Ward,	51.3768852689,	-0.0535099327405,	51.4076979223,	-0.00920240425909
Farnborough and Crofton Ward,	51.3494297139,	0.0440932598688,	51.3812220968,	0.0904696092962
Shortlands Ward,	51.3875153763,	-0.0180694646803,	51.4062708357,	0.0154860852053
Bromley Town Ward,	51.3918606366,	-0.00769202572567,	51.4185580917,	0.0388517416305
Bickley Ward,	51.3891864024,	0.0260095471589,	51.4162485912,	0.0667443405025
Petts Wood and Knoll Ward,	51.3722172488,	0.0581891034781,	51.4045473304,	0.103285982225
Crystal Palace Ward,	51.4038408576,	-0.0811119772033,	51.4263031598,	-0.0564149938987
Penge and Cator Ward,	51.406314066,	-0.0660172047617,	51.4251010498,	-0.0333735945642
Copers Cope Ward,	51.3991532533,	-0.0353235042123,	51.4257071777,	0.00173777452452
Plaistow and Sundridge Ward,	51.4063130603,	0.00349342262615,	51.428989343,	0.0458521066993
Chislehurst Ward,	51.3947212359,	0.0343921632241,	51.4319907983,	0.104475652227
Mottingham and Chislehurst North Ward,	51.4204748889,	0.0247628153632,	51.4443170735,	0.0583193533705
Orpington Ward,	51.360388904,	0.0879782116673,	51.3833233667,	0.128733879769
Cray Valley West Ward,	51.3838994066,	0.0872686911858,	51.4152201828,	0.118855116091
Cray Valley East Ward,	51.3670140012,	0.0904673761745,	51.414974201,	0.162357994392
Bedfont Ward,	51.43810707,	-0.46150226755,	51.4665558637,	-0.418805007496
Hanworth Ward,	51.4207392714,	-0.418605077483,	51.4457391281,	-0.366850817953
Cranford Ward,	51.4590059378,	-0.416867240916,	51.4920980977,	-0.392637786127
Syon Ward,	51.4707091548,	-0.33827940009,	51.4899602756,	-0.297389536508
Heston West Ward,	51.4751457534,	-0.411950964483,	51.5003150556,	-0.380634627251
Heston East Ward,	51.471171778,	-0.388648344987,	51.4966047247,	-0.352832104933
Osterley and Spring Grove Ward,	51.4721841681,	-0.368400136688,	51.4991189676,	-0.314447230358
Brentford Ward,	51.4844206959,	-0.331260850321,	51.5015905558,	-0.282010517283
Chiswick Homefields Ward,	51.4708246366,	-0.269923517057,	51.5014053024,	-0.243443028653
Feltham West Ward,	51.4287958973,	-0.447737888222,	51.4512958953,	-0.409434104215
Hanworth Park Ward,	51.4302232787,	-0.423691308479,	51.4512639088,	-0.384167403199
Feltham North Ward,	51.4476661635,	-0.427435316431,	51.4698818106,	-0.390369646337
Hounslow Heath Ward,	51.4491375475,	-0.401404943654,	51.4680097982,	-0.362654651605
Hounslow West Ward,	51.4613072697,	-0.395435189016,	51.4748577418,	-0.366082384604
Heston Central Ward,	51.470371409,	-0.393954139436,	51.4889869296,	-0.370888669335
Hounslow South Ward,	51.4567651132,	-0.369591501113,	51.4740773853,	-0.337639711482
Isleworth Ward,	51.4546310146,	-0.34172386435,	51.474359031,	-0.31854137383
Hounslow Central Ward,	51.4616631461,	-0.367175470162,	51.4781181292,	-0.341940674596
Chiswick Riverside Ward,	51.4731013546,	-0.287572315454,	51.4914408813,	-0.255483821724
Turnham Green Ward,	51.486970951,	-0.285811124705,	51.5028505373,	-0.25267308805
Norwood Green Ward,	51.4904703894,	-0.382718462437,	51.5113089489,	-0.335446171476
Southall Green Ward,	51.4946371844,	-0.406905197705,	51.5059272986,	-0.376129070512
Northolt West End Ward,	51.5294143774,	-0.419621630373,	51.5480194127,	-0.374436944527
Dormers Wells Ward,	51.5094172097,	-0.380813234287,	51.5243588807,	-0.343841670146
Greenford Broadway Ward,	51.5211207905,	-0.380990565451,	51.5417528037,	-0.344429590896
North Greenford Ward,	51.5416496157,	-0.36224581095,	51.5596836542,	-0.307124162479
Northfield Ward,	51.4919698281,	-0.331066439013,	51.50530609,	-0.297553439089
East Acton Ward,	51.504358281,	-0.284099039326,	51.5353372591,	-0.245086769993
Southall Broadway Ward,	51.5029214393,	-0.403889370498,	51.5174957151,	-0.366171047127
Elthorne Ward,	51.4950298094,	-0.345320140114,	51.5135339287,	-0.319496544468
Walpole Ward,	51.4995422399,	-0.329204520003,	51.5127289789,	-0.305075427483
Lady Margaret Ward,	51.5151560969,	-0.383442547323,	51.5307579853,	-0.355961303079
Northolt Mandeville Ward,	51.5398282449,	-0.39508498792,	51.5572944641,	-0.354429982637
Hobbayne Ward,	51.5110110827,	-0.351708188367,	51.5283366922,	-0.329758953624
Cleveland Ward,	51.5120663143,	-0.335803680996,	51.5315922239,	-0.30834072233
Greenford Green Ward,	51.5309607274,	-0.365811673982,	51.5540763832,	-0.329668909908
Perivale Ward,	51.5273390884,	-0.345989484771,	51.5447239356,	-0.302731526407
Ealing Common Ward,	51.4983320986,	-0.30708330147,	51.5164842513,	-0.280517886928
Ealing Broadway Ward,	51.5104126062,	-0.323069760054,	51.5231832907,	-0.296489610298
South Acton Ward,	51.4972855771,	-0.28838657907,	51.5150458576,	-0.263715348958
Southfield Ward,	51.4939359465,	-0.274260671638,	51.506704089,	-0.25092506766
Acton Central Ward,	51.5065242775,	-0.288638878351,	51.5244285383,	-0.25912754659
Hanger Hill Ward,	51.5150547472,	-0.310087152469,	51.5386649854,	-0.277797785843
Upminster Ward,	51.5176705497,	0.215547963938,	51.5658163424,	0.334015563634
Rainham and Wennington Ward,	51.4841500503,	0.173464361874,	51.5382259238,	0.244961853053
South Hornchurch Ward,	51.5028365887,	0.157873407944,	51.5393544598,	0.209396755313
Elm Park Ward,	51.5300494722,	0.17378149755,	51.5564588454,	0.217022188299
Brooklands Ward,	51.5616061102,	0.146642271635,	51.5864037484,	0.187006974066
Romford Town Ward,	51.5665078022,	0.170403601706,	51.5875500452,	0.204712165778
Mawneys Ward,	51.5803844519,	0.147657585671,	51.601709073,	0.175518339994
Pettits Ward,	51.5821998559,	0.165331828848,	51.6037524554,	0.212741975559
Hacton Ward,	51.5420599496,	0.199305547109,	51.5590718751,	0.239674287837
St. Andrew's Ward,	51.549818468,	0.19728099185,	51.5704380437,	0.239675179575
Emerson Park Ward,	51.5625100775,	0.20154161689,	51.5884515165,	0.25145302185
Squirrel's Heath Ward,	51.5735569391,	0.192022312853,	51.5926695256,	0.231565057998
Harold Wood Ward,	51.5770118419,	0.212741975559,	51.6091896943,	0.270900418695
Cranham Ward,	51.5588445082,	0.233342645943,	51.5902850189,	0.290173606928
Havering Park Ward,	51.5978367423,	0.138156947655,	51.6258506659,	0.210126856989
Heaton Ward,	51.5926695256,	0.192947926356,	51.6215731372,	0.221706927543
Gooshays Ward,	51.5998865658,	0.195831658585,	51.6317344638,	0.263231370354
Hylands Ward,	51.5526789774,	0.182618765595,	51.5743171673,	0.213358209858
Heathrow Villages Ward,	51.4532666834,	-0.510375069372,	51.5026136218,	-0.411154483922
Harefield Ward,	51.5713433505,	-0.500902587913,	51.6317590261,	-0.441159453901
West Drayton Ward,	51.4943561388,	-0.490136320081,	51.5100652935,	-0.44285585184
Yiewsley Ward,	51.5073202154,	-0.49235586173,	51.5265285045,	-0.443766717861
Uxbridge South Ward,	51.5185289014,	-0.495510471687,	51.5507191987,	-0.472645721143
Brunel Ward,	51.5168013984,	-0.482957228411,	51.5392778374,	-0.438362470299
Uxbridge North Ward,	51.5327193842,	-0.485408258375,	51.5596232483,	-0.44783609013
Hillingdon East Ward,	51.5264441526,	-0.452651930713,	51.5540067093,	-0.411364889622
Ickenham Ward,	51.5507125301,	-0.489231707745,	51.5777590892,	-0.432776989775
West Ruislip Ward,	51.5635683951,	-0.453927978028,	51.5965891951,	-0.418116065089
Northwood Ward,	51.5907824504,	-0.46306340799,	51.6200699939,	-0.411976943993
South Ruislip Ward,	51.540082815,	-0.440200168768,	51.5709634849,	-0.377688788807
Manor Ward,	51.5611730327,	-0.43116244755,	51.5783592581,	-0.400840961913
Eastcote and East Ruislip Ward,	51.5749111019,	-0.436069741279,	51.5937685473,	-0.388413603538
Northwood Hills Ward,	51.5876942775,	-0.426241905838,	51.6141791375,	-0.395471070013
Pinkwell Ward,	51.4924443724,	-0.453326728751,	51.5059224597,	-0.410562586514
Botwell Ward,	51.4979652598,	-0.451087180748,	51.5264441526,	-0.409217301039
Charville Ward,	51.5228816261,	-0.441876853188,	51.5423558346,	-0.411768938825
Townfield Ward,	51.4996102514,	-0.427362555479,	51.5233494248,	-0.390442870474
Barnhill2 Ward,	51.5160733934,	-0.422045937523,	51.5342877465,	-0.395416220318
Yeading Ward,	51.5132037646,	-0.401241891474,	51.5320237765,	-0.375929149237
Cavendish Ward,	51.5602796972,	-0.408233299416,	51.578730843,	-0.385708195115
Roxeth Ward,	51.5530613459,	-0.380292658874,	51.5652359664,	-0.347439320037
Harrow on the Hill Ward,	51.5565328827,	-0.358447647241,	51.5782370662,	-0.322153683097
Pinner Ward,	51.5896797709,	-0.404071930987,	51.6161647359,	-0.370118630183
Pinner South Ward,	51.5709634849,	-0.397739896383,	51.5968566037,	-0.373041308048
Greenhill Ward,	51.574004352,	-0.344404313817,	51.5914600562,	-0.317089462028
Headstone North Ward,	51.5779249519,	-0.37627813191,	51.6072003184,	-0.34617553665
Marlborough Ward,	51.5846032995,	-0.349164468867,	51.6009638303,	-0.319665752698
Harrow Weald Ward,	51.59928614,	-0.368197126583,	51.6307200852,	-0.326375121485
Stanmore Park Ward,	51.6047914368,	-0.343366958,	51.6338322574,	-0.304905752808
Canons Ward,	51.6028314326,	-0.333040965631,	51.6405317607,	-0.279127412355
Rayners Lane Ward,	51.5630722061,	-0.385934799927,	51.5839188696,	-0.365148417074
Roxbourne Ward,	51.5589687629,	-0.382381308101,	51.5733806056,	-0.349296761538
West Harrow Ward,	51.5692929447,	-0.370619669601,	51.5847017622,	-0.341807519095
Hatch End Ward,	51.5997736724,	-0.389699128613,	51.6206488715,	-0.350825914465
Headstone South Ward,	51.579802685,	-0.363371444513,	51.5952957374,	-0.341520369571
Kenton West Ward,	51.5821035426,	-0.331830252499,	51.6011756302,	-0.301235696014
Wealdstone Ward,	51.5938122465,	-0.349790978846,	51.6044077821,	-0.323568442219
Belmont1 Ward,	51.5976243824,	-0.328021045,	51.612788564,	-0.296731155857
Kenton East Ward,	51.5850478575,	-0.310955317256,	51.5953205754,	-0.28227148525
Queensbury2 Ward,	51.5926097269,	-0.313403936535,	51.6070921863,	-0.279351953772
Edgware2 Ward,	51.5962289933,	-0.291828877133,	51.6107435803,	-0.267155870221
Northwick Park Ward,	51.5573925476,	-0.331329519144,	51.5821035426,	-0.303915202391
Wembley Central Ward,	51.5404769681,	-0.30775311607,	51.5597727981,	-0.283505735242
Preston Ward,	51.5561452085,	-0.312571023049,	51.5776036994,	-0.279015134275
Stonebridge Ward,	51.5284059181,	-0.289388242648,	51.558921913,	-0.250228899115
Welsh Harp Ward,	51.553816935,	-0.269177353088,	51.5781063375,	-0.245234507828
Barnhill1 Ward,	51.558921913,	-0.298776390291,	51.5844576488,	-0.261383553491
Fryent Ward,	51.5710184793,	-0.281415020828,	51.5925767047,	-0.248284315475
Sudbury Ward,	51.5469912353,	-0.335584420386,	51.5629717313,	-0.300554329119
Alperton Ward,	51.5319825043,	-0.31259833852,	51.5492497829,	-0.276900208483
Kensal Green Ward,	51.5299177446,	-0.248484942806,	51.5403099979,	-0.223114687354
Harlesden Ward,	51.5334430854,	-0.256714220573,	51.5498591305,	-0.242493626158
Willesden Green Ward,	51.5366799054,	-0.246987569756,	51.5525427874,	-0.218350649398
Queens Park Ward,	51.5279281919,	-0.226975818725,	51.5425958719,	-0.199325695271
Brondesbury Park Ward,	51.5360536636,	-0.233078197453,	51.5487358857,	-0.201931796333
Kilburn1 Ward,	51.5276540107,	-0.207663541118,	51.5452859169,	-0.191483480442
Tokyngton Ward,	51.5419632977,	-0.294015733424,	51.5633447543,	-0.265428112303
Kenton Ward,	51.573208763,	-0.317089462028,	51.5872799203,	-0.278541424976
Dudden Hill Ward,	51.5456394619,	-0.253499126106,	51.5650684034,	-0.220800030631
Dollis Hill Ward,	51.5557889685,	-0.250328626333,	51.5728047231,	-0.220662689098
Mapesbury Ward,	51.5468112398,	-0.231407647031,	51.5616732076,	-0.203589387594
Queensbury1 Ward,	51.5848105082,	-0.290421892726,	51.6003703481,	-0.257178245261
Underhill Ward,	51.6365272062,	-0.268428061467,	51.6530106766,	-0.184086320272
High Barnet Ward,	51.641011409,	-0.255482656449,	51.6701668578,	-0.17361488601
West Hendon Ward,	51.5684614978,	-0.254631799511,	51.5881074945,	-0.212033980074
Golders Green Ward,	51.5629268864,	-0.232235543547,	51.5897938073,	-0.197120598379
Colindale Ward,	51.5802854339,	-0.259770164704,	51.6082723429,	-0.236578715468
Childs Hill Ward,	51.5551861115,	-0.222389841884,	51.577095451,	-0.183481790743
Garden Suburb Ward,	51.5680064819,	-0.200535933168,	51.5943942233,	-0.161350926684
Finchley Church End Ward,	51.588723516,	-0.225656103646,	51.6049827438,	-0.181326243198
East Finchley Ward,	51.5844602726,	-0.184591077583,	51.6057884701,	-0.156325241563
Edgware1 Ward,	51.6069709924,	-0.305597635769,	51.6411906322,	-0.262457152525
Mill Hill Ward,	51.5974844677,	-0.256269290122,	51.6304878851,	-0.195196288974
Hale Ward,	51.6069305738,	-0.273145770363,	51.6428417262,	-0.235946024138
Totteridge Ward,	51.6105909013,	-0.237459462766,	51.6424615881,	-0.167752771052
Oakleigh Ward,	51.6188952375,	-0.190005552135,	51.650141765,	-0.151658198795
Woodhouse Ward,	51.5991593809,	-0.184224314942,	51.623910596,	-0.15715137575
Coppetts Ward,	51.5974457169,	-0.165095095904,	51.6233307689,	-0.138785573133
Brunswick Park1 Ward,	51.6154844175,	-0.162240574034,	51.6393132471,	-0.129147235439
East Barnet Ward,	51.6335074438,	-0.175553909032,	51.6605678712,	-0.142143744641
Burnt Oak Ward,	51.5941742235,	-0.27493258587,	51.6104578086,	-0.247285030009
Hendon Ward,	51.5810131694,	-0.238484701827,	51.6018487803,	-0.204882360212
West Finchley Ward,	51.5961412491,	-0.202123631498,	51.6167068101,	-0.175505509117
Streatham South Ward,	51.410991092,	-0.14809036238,	51.423644959,	-0.112685545871
St. Leonard's Ward,	51.4180553033,	-0.139972897649,	51.4401497904,	-0.124152421816
Streatham Wells Ward,	51.4230604887,	-0.131082165072,	51.4381770531,	-0.111220179185
Knight's Hill Ward,	51.4225706726,	-0.118069304452,	51.4385182279,	-0.0969060923613
Thornton Ward,	51.4416954817,	-0.14569643922,	51.4549862402,	-0.12733059242
Streatham Hill Ward,	51.4359937025,	-0.137497595341,	51.4469264142,	-0.106030970206
Clapham Common Ward,	51.4495561907,	-0.149693436211,	51.4620156702,	-0.128956071136
Brixton Hill Ward,	51.4436879378,	-0.13081778216,	51.4612177888,	-0.115783582011
Tulse Hill Ward,	51.4404187228,	-0.122067649228,	51.4612379695,	-0.108273309447
Coldharbour Ward,	51.4557976723,	-0.115740028654,	51.4707979586,	-0.101540345688
Ferndale Ward,	51.4593076408,	-0.134081053722,	51.470731614,	-0.112464784035
Larkhall Ward,	51.4633205196,	-0.13974125079,	51.4756370645,	-0.118140577804
Oval Ward,	51.4772403812,	-0.130661716158,	51.4882945118,	-0.104046886108
Vassall Ward,	51.4702062431,	-0.120059558115,	51.4812830553,	-0.0993750945392
Gipsy Hill Ward,	51.4192678915,	-0.103679850149,	51.4360981186,	-0.0783066824
Thurlow Park Ward,	51.4336337512,	-0.111518828407,	51.450356971,	-0.0904647458301
Herne Hill Ward,	51.4457682479,	-0.113977234234,	51.4726274895,	-0.0900711238448
Bishop's Ward,	51.4923324013,	-0.12282604479,	51.5098711793,	-0.105947664484
Clapham Town Ward,	51.459720908,	-0.151231399267,	51.4715925747,	-0.130687374472
Stockwell Ward,	51.468976269,	-0.133980273439,	51.4801991892,	-0.116365021819
Prince's Ward,	51.4844994259,	-0.127166752856,	51.4954990063,	-0.103156214357
College Ward,	51.4206091368,	-0.0928744717281,	51.4497417979,	-0.0622198978146
Riverside Ward,	51.4922495605,	-0.0888545079116,	51.5078834687,	-0.0576008772485
Village3 Ward,	51.4408902894,	-0.101478913539,	51.4611207426,	-0.0712122257973
South Camberwell Ward,	51.4541045667,	-0.0922117963385,	51.4696302437,	-0.0714205323842
East Dulwich Ward,	51.4467593886,	-0.0829500513078,	51.4618099907,	-0.0647850976958
Peckham Rye Ward,	51.4473520504,	-0.0714205323842,	51.4643208442,	-0.0416486343974
Camberwell Green Ward,	51.4698808506,	-0.105554276049,	51.4837524063,	-0.0857997907846
Brunswick Park2 Ward,	51.4676131635,	-0.0930310534151,	51.4809517365,	-0.0774310981942
The Lane Ward,	51.4614172397,	-0.0796213883622,	51.4743394323,	-0.0548633325114
Nunhead Ward,	51.4569630521,	-0.0642780402392,	51.4789087892,	-0.0451055883131
Peckham Ward,	51.4733402941,	-0.0856699881356,	51.4827243997,	-0.0609794118001
Newington Ward,	51.4791469619,	-0.108452500029,	51.4933383056,	-0.0939579612038
Faraday Ward,	51.4789962949,	-0.0958274855866,	51.4896205961,	-0.0797351811068
East Walworth Ward,	51.4817828478,	-0.100685784323,	51.495084256,	-0.0677274586337
Livesey Ward,	51.4734022565,	-0.0731560687258,	51.491084217,	-0.0493583070955
South Bermondsey Ward,	51.4839997746,	-0.0779768608242,	51.4950612965,	-0.0553174304265
Cathedrals Ward,	51.4914739004,	-0.111442547928,	51.5099093951,	-0.0877573915957
Grange2 Ward,	51.4888804964,	-0.0894625641281,	51.5058069367,	-0.0665547796172
Rotherhithe Ward,	51.4899856255,	-0.0610165490866,	51.5062968063,	-0.0410315876194
Surrey Docks Ward,	51.4902406702,	-0.0487993050985,	51.5086362369,	-0.029372569184
Chaucer Ward,	51.4939509286,	-0.100100311174,	51.5051865087,	-0.0797992215382
Bellingham Ward,	51.4135499671,	-0.0414233857775,	51.4436246273,	-0.00769202572567
Telegraph Hill Ward,	51.4548925937,	-0.0527630328964,	51.4780085909,	-0.0374549496423
Downham Ward,	51.4144830226,	-0.0174678385443,	51.4326434666,	0.0212867515029
Whitefoot Ward,	51.4259740809,	-0.0192604410681,	51.4454538376,	0.0191886525951
Blackheath Ward,	51.4565610355,	-0.015184467706,	51.4738532261,	0.0181236424966
Sydenham Ward,	51.4223666061,	-0.075093302896,	51.4337298485,	-0.0395223659327
Forest Hill Ward,	51.4305487027,	-0.0728617049318,	51.4503387565,	-0.0457485127709
Perry Vale Ward,	51.4285853968,	-0.0535147471937,	51.4423794233,	-0.032988634752
Rushey Green Ward,	51.4386494338,	-0.0343550149984,	51.4526949246,	-0.00564958697289
Catford South Ward,	51.4327743819,	-0.0242739980352,	51.4452611627,	0.0061856869431
Crofton Park Ward,	51.4419967709,	-0.0517902771854,	51.4596658171,	-0.025628850469
Ladywell Ward,	51.449922252,	-0.0391322912976,	51.4681354689,	-0.0161254738297
Lewisham Central Ward,	51.4450607713,	-0.0220533344078,	51.4693402339,	0.00550955951379
Brockley Ward,	51.4606983685,	-0.0402435750607,	51.4759089368,	-0.0171615951193
New Cross Ward,	51.4742957575,	-0.0543285206208,	51.4880990921,	-0.0168597098416
Grove Park Ward,	51.4223655559,	0.00550955951379,	51.448125827,	0.0390452943039
Lee Green Ward,	51.4454538376,	-0.00905071889134,	51.4591034411,	0.0224017273866
Evelyn Ward,	51.4784399382,	-0.0519586895013,	51.4935635399,	-0.022912059196
Middle Park and Sutcliffe Ward,	51.4404532195,	0.00927987979055,	51.466066921,	0.0497975574252
Coldharbour and New Eltham Ward,	51.4237349895,	0.039748519057,	51.4420399113,	0.0763883009772
Eltham South Ward,	51.4344030102,	0.0442705281839,	51.4591243788,	0.0880405881772
Shooters Hill Ward,	51.4615823198,	0.0532813091884,	51.4808662922,	0.0984895587439
Peninsula Ward,	51.4814127838,	-0.00555537215096,	51.5067681742,	0.035078486826
Woolwich Riverside Ward,	51.484097491,	0.0290174854977,	51.4978497884,	0.0786210276854
Greenwich West Ward,	51.4680363089,	-0.026408663328,	51.4867860279,	0.0121096395933
Eltham West Ward,	51.4514062645,	0.0209232188671,	51.4678545719,	0.0517249334987
Blackheath Westcombe Ward,	51.4640366647,	0.0013812829804,	51.4843916463,	0.0289367737001
Kidbrooke with Hornfair Ward,	51.4622524853,	0.0236388117879,	51.4795535143,	0.0550013082854
Eltham North Ward,	51.4507047645,	0.0465215011419,	51.4681102986,	0.082878282759
Charlton Ward,	51.4751343063,	0.0201703895774,	51.4893955138,	0.0520648905281
Woolwich Common Ward,	51.4706106764,	0.0473320521251,	51.4901386323,	0.0801480377033
Plumstead Ward,	51.4730742163,	0.0846702915917,	51.4952805238,	0.115489691235
Glyndon Ward,	51.4797724222,	0.0728872123539,	51.5011111587,	0.0912216591781
Thamesmead Moorings Ward,	51.4898254765,	0.0791189092904,	51.5135844752,	0.12098195075
Abbey Wood Ward,	51.47616466,	0.10180814864,	51.5007715127,	0.124160811399
Longlands Ward,	51.4137832347,	0.0746526896321,	51.4371143982,	0.111600918078
Blackfen and Lamorbey Ward,	51.4364508123,	0.0784185767655,	51.4556271045,	0.103229630543
Cray Meadows Ward,	51.4084834737,	0.10579848044,	51.4362298064,	0.156697585724
Sidcup Ward,	51.4223089312,	0.0835797378697,	51.4431945176,	0.120331636868
St. Mary's1 Ward,	51.4285396645,	0.1175359972,	51.4484069191,	0.170876428401
Crayford Ward,	51.4412072948,	0.161833758786,	51.4642254149,	0.20387367565
North End1 Ward,	51.4562294377,	0.176878562354,	51.4858769192,	0.223675837927
Erith Ward,	51.4744897124,	0.152084338056,	51.5073506142,	0.188375298485
Belvedere Ward,	51.4789928598,	0.134802794324,	51.5092543608,	0.165661034965
Thamesmead East Ward,	51.4913721372,	0.118296799606,	51.5155422478,	0.15325954662
Falconwood and Welling Ward,	51.4505821836,	0.0786371946886,	51.4649381799,	0.108038342942
East Wickham Ward,	51.4597187274,	0.0821454328217,	51.4761264444,	0.111772466451
Blendon and Penhill Ward,	51.4397048295,	0.0992778346636,	51.4517155377,	0.142807080728
Danson Park Ward,	51.4482926335,	0.101920331927,	51.4647128163,	0.133731681815
Christchurch Ward,	51.4466851616,	0.126705800305,	51.4646207222,	0.156908952563
St. Michael's Ward,	51.4638961277,	0.108843967172,	51.4789196018,	0.126891111665
Brampton Ward,	51.463536696,	0.123770586189,	51.4756944734,	0.15840350092
Northumberland Heath Ward,	51.4698694129,	0.135297360859,	51.4811692027,	0.168248422638
Barnehurst Ward,	51.444274342,	0.146621714371,	51.4650865415,	0.182305265723
Colyers Ward,	51.464307666,	0.156329314057,	51.4783522973,	0.181473734732
Lesnes Abbey Ward,	51.473563952,	0.121082342133,	51.4963863141,	0.144444679178
Chase Ward,	51.6600391346,	-0.163589667881,	51.6918741161,	-0.0489559315596
Winchmore Hill Ward,	51.6181859142,	-0.119501233838,	51.6404663268,	-0.0878000485254
Cockfosters Ward,	51.6365145044,	-0.185891042271,	51.6859193437,	-0.116105828393
Highlands Ward,	51.6434992248,	-0.127833815819,	51.6727367795,	-0.0903624721328
Upper Edmonton Ward,	51.6056345839,	-0.0973235741427,	51.6163398843,	-0.0339952658664
Palmers Green Ward,	51.6123042652,	-0.116290475966,	51.6268229226,	-0.082714217674
Edmonton Green Ward,	51.6112913203,	-0.0729612201714,	51.6272965024,	-0.0260006039308
Lower Edmonton Ward,	51.6189662175,	-0.0646170133775,	51.6339686002,	-0.0229481449303
Grange1 Ward,	51.6351189033,	-0.111850828558,	51.6538351461,	-0.0749609547329
Jubilee Ward,	51.6258039459,	-0.0700559725054,	51.6449601187,	-0.0147937156925
Ponders End Ward,	51.6367343067,	-0.0568467248941,	51.6519037996,	-0.0118635714268
Enfield Highway Ward,	51.6475299225,	-0.0517516200764,	51.6690232632,	-0.00894849103863
Bowes Ward,	51.6080435817,	-0.135502180101,	51.6163709722,	-0.08657777571
Southgate Green Ward,	51.6101921951,	-0.144536066302,	51.6289140602,	-0.111750647231
Southgate Ward,	51.6239705314,	-0.138437896915,	51.6480240519,	-0.108996163074
Haselbury Ward,	51.6142002588,	-0.08657777571,	51.6341415073,	-0.0611210017068
Bush Hill Park Ward,	51.6218134817,	-0.0948825267049,	51.648743002,	-0.0609617175007
Town1 Ward,	51.6520938618,	-0.0955949226436,	51.6679634574,	-0.0635331934622
Southbury Ward,	51.642421159,	-0.0796195011139,	51.6654101,	-0.0454967819109
Turkey Street Ward,	51.6620728331,	-0.056753852754,	51.6840744921,	-0.0334183682211
Enfield Lock Ward,	51.6616774726,	-0.0414031746078,	51.6825419294,	-0.00985779021036
Leyton Ward,	51.5513852203,	-0.0303146558273,	51.5738952604,	-0.00595652847418
High Street Ward,	51.5677213113,	-0.0622745800689,	51.5889117723,	-0.0188386026685
Higham Hill Ward,	51.5861624233,	-0.0534828324539,	51.6096625137,	-0.0170237338323
Valley Ward,	51.6011380186,	-0.0356100587275,	51.6230020351,	-0.01649480532
Chingford Green Ward,	51.6264240728,	-0.0168354010123,	51.646526612,	0.0257123897433
Cathall Ward,	51.549925392,	-0.0108893906953,	51.5647836787,	0.00949322042406
Lea Bridge Ward,	51.5606212146,	-0.0511754827428,	51.5764556155,	-0.00984821331432
Markhouse Ward,	51.5709895024,	-0.0482302827741,	51.583030967,	-0.0170143033269
Grove Green Ward,	51.5567027921,	-0.0112158804581,	51.5698961156,	0.00445918162009
Forest Ward,	51.5688681869,	-0.0154473717412,	51.583807507,	0.0174132498703
William Morris Ward,	51.5856184052,	-0.0454096977957,	51.5962954259,	-0.0172876379451
Hoe Street Ward,	51.5759311003,	-0.0208304243721,	51.5906919135,	-0.0059596272793
Wood Street Ward,	51.5789150302,	-0.0104759073759,	51.595430406,	0.0148667460562
Chapel End Ward,	51.5898763082,	-0.02554190072,	51.6051894408,	-0.00120988524999
Hale End and Highams Park Ward,	51.5924377047,	-0.0104785591585,	51.6147151572,	0.0195527964411
Cann Hall Ward,	51.5506476371,	0.0050797556804,	51.5643556354,	0.0215322073442
Larkswood Ward,	51.6026563697,	-0.0181282721058,	51.6229800648,	0.00158771219087
Endlebury Ward,	51.6205093846,	-0.0252473143426,	51.6335418139,	0.00479041958342
Hatch Lane Ward,	51.6067963109,	-0.000504115090203,	51.6278433323,	0.0213798956022
Leytonstone Ward,	51.563006499,	-0.0053867145918,	51.575299969,	0.0191296413918
Wanstead Ward,	51.5540623801,	0.014181704116,	51.585936609,	0.0528121610373
Cranbrook Ward,	51.5622180991,	0.0399752325677,	51.5766146599,	0.0767736754246
Newbury Ward,	51.5616150129,	0.0672716764411,	51.5820526829,	0.109428507379
Roding Ward,	51.5841773947,	0.0254315584467,	51.6036021083,	0.0538649397859
Fairlop Ward,	51.5866526986,	0.0552497193067,	51.6107454995,	0.109496457742
Goodmayes Ward,	51.5520013977,	0.0913734235615,	51.5681013615,	0.129729932096
Aldborough Ward,	51.5735815407,	0.0745130679576,	51.6084778085,	0.141898988424
Bridge Ward,	51.5983984865,	0.0321913164334,	51.618421829,	0.0644109441503
Hainault Ward,	51.5965774811,	0.0922580246364,	51.6236088378,	0.149485042346
Loxford Ward,	51.543568895,	0.0599780986077,	51.5592171332,	0.0884731828942
Clementswood Ward,	51.5497655308,	0.0699239718454,	51.563418254,	0.0937167012367
Mayfield Ward,	51.5458479236,	0.0849725271188,	51.5609376414,	0.109523983697
Valentines Ward,	51.5565141319,	0.0525548654223,	51.5712843921,	0.0822751726576
Seven Kings Ward,	51.5636254545,	0.0917986710047,	51.5825246468,	0.120507322307
Snaresbrook Ward,	51.5720201154,	0.0120850547255,	51.5945754827,	0.033637585171
Clayhall Ward,	51.575914176,	0.0375290808276,	51.593667949,	0.0700817752968
Church End Ward,	51.5863833866,	0.0123473190137,	51.605373365,	0.0317937875767
Barkingside Ward,	51.5751031098,	0.055170498628,	51.5889052973,	0.0810310524198
Fullwell Ward,	51.5862022283,	0.047519065612,	51.6011722129,	0.085218667338
Chadwell Ward,	51.5666540238,	0.113249341323,	51.5823690287,	0.133532596116
Monkhams Ward,	51.6024972919,	0.0086784549283,	51.6290224913,	0.0407613738065
Carshalton South and Clockhouse Ward,	51.3215105928,	-0.184632933451,	51.3605145121,	-0.144067512499
Cheam Ward,	51.3298282569,	-0.229847642945,	51.3716662507,	-0.202107713827
Beddington South Ward,	51.3402064859,	-0.149377566535,	51.3631167955,	-0.116919090023
St. Helier2 Ward,	51.3753319051,	-0.200316869263,	51.3883083526,	-0.169936398546
Wandle Valley Ward,	51.3734398634,	-0.182235656124,	51.3934185369,	-0.152650538876
Belmont2 Ward,	51.3391943126,	-0.211253520329,	51.3564178917,	-0.178131568031
Nonsuch Ward,	51.3626256435,	-0.245429184402,	51.3806492203,	-0.215454434419
Worcester Park Ward,	51.3701587922,	-0.244984783371,	51.3905387844,	-0.218136261477
Sutton South Ward,	51.3512755013,	-0.201282943301,	51.3607849698,	-0.173537787952
Sutton West Ward,	51.3545776599,	-0.214540012844,	51.3727406316,	-0.189247487473
Sutton Central Ward,	51.3592588951,	-0.203324992389,	51.370476423,	-0.178452242213
Carshalton Central Ward,	51.357284298,	-0.187895128563,	51.3715443072,	-0.156512318346
Sutton North Ward,	51.3684145817,	-0.206824899035,	51.3828130744,	-0.181290262791
Stonecot Ward,	51.3698132114,	-0.22194409345,	51.388253318,	-0.197094955248
The Wrythe Ward,	51.3682371255,	-0.182700244778,	51.3819996009,	-0.1570211192
Wallington South Ward,	51.34590901,	-0.160231600788,	51.3621976391,	-0.137370193872
Wallington North Ward,	51.3590951365,	-0.160415164971,	51.3773270181,	-0.140365990632
Beddington North Ward,	51.3601588583,	-0.153969597687,	51.390969462,	-0.120928004816
Hampton Ward,	51.3914315716,	-0.392906268906,	51.4234673336,	-0.312147886781
Teddington Ward,	51.4084833826,	-0.353556530171,	51.433987827,	-0.316955524528
Hampton Wick Ward,	51.3981425833,	-0.329484641965,	51.429685442,	-0.30603040114
Heathfield2 Ward,	51.441713271,	-0.387797484617,	51.4574731884,	-0.353027881821
Twickenham Riverside Ward,	51.4414488518,	-0.334656829407,	51.4600568096,	-0.30324483594
Ham; Petersham and Richmond Riverside Ward,	51.4201724051,	-0.330870777773,	51.4575499408,	-0.256343655933
North Richmond Ward,	51.460411082,	-0.32078863489,	51.4742071533,	-0.270919890103
Kew Ward,	51.4676521008,	-0.310523844374,	51.4873831954,	-0.269923517057
East Sheen Ward,	51.4363467507,	-0.283032337403,	51.4680530449,	-0.241629258824
Mortlake and Barnes Common Ward,	51.4639910541,	-0.276129693301,	51.474360287,	-0.232830602165
Hampton North Ward,	51.4212652749,	-0.388382257734,	51.4355002333,	-0.360073710055
Fulwell and Hampton Hill Ward,	51.4205204286,	-0.368089858105,	51.4360844195,	-0.337157674124
West Twickenham Ward,	51.4307240443,	-0.37793372415,	51.4488245182,	-0.343049090437
Whitton Ward,	51.4479580822,	-0.377214659254,	51.458405979,	-0.342679681055
South Twickenham Ward,	51.4329922357,	-0.35074676168,	51.4488295417,	-0.327989097989
St. Margarets and North Twickenham Ward,	51.4478497799,	-0.346223284622,	51.4654240775,	-0.313549996951
South Richmond Ward,	51.4487279029,	-0.314298438163,	51.4649050451,	-0.27762419221
Barnes Ward,	51.4707609375,	-0.252581121731,	51.4896933729,	-0.221733869708
Cannon Hill Ward,	51.3921248936,	-0.228812793188,	51.4092035877,	-0.2001775768
Cricket Green Ward,	51.3878203004,	-0.186944479306,	51.409613262,	-0.134319515184
Village2 Ward,	51.4122801668,	-0.254247736291,	51.4388607769,	-0.203997929269
Wimbledon Park Ward,	51.4224996022,	-0.212316875976,	51.4414746364,	-0.181838146595
Lower Morden Ward,	51.3801504642,	-0.235030159669,	51.3965264517,	-0.206643608079
West Barnes Ward,	51.3892946425,	-0.247424785148,	51.4070859302,	-0.220942202157
Raynes Park Ward,	51.4021821892,	-0.249533954035,	51.4191387335,	-0.220987749124
Dundonald Ward,	51.4070851123,	-0.230131217159,	51.4209878479,	-0.19980577418
St. Helier1 Ward,	51.3848853986,	-0.216996362969,	51.4019618948,	-0.186698036206
Ravensbury Ward,	51.385435533,	-0.194570334961,	51.4059330958,	-0.167415508804
Merton Park Ward,	51.3949702256,	-0.214966155795,	51.414450207,	-0.186944479306
Abbey2 Ward,	51.4059330958,	-0.202135951921,	51.4195801393,	-0.180834017035
Figge's Marsh Ward,	51.4020327425,	-0.168155938643,	51.4180609131,	-0.146850302018
Pollards Hill Ward,	51.3909346415,	-0.159387502881,	51.4049260097,	-0.124151407772
Graveney1 Ward,	51.4094874301,	-0.162068114916,	51.4226341419,	-0.140405453359
Longthornton Ward,	51.4001589707,	-0.153993518006,	51.41726327,	-0.127534750883
Hillside Ward,	51.4114759246,	-0.225013954406,	51.4286213593,	-0.199113764005
Trinity Ward,	51.4185278834,	-0.206952257038,	51.425629026,	-0.177786227309
Lavender Fields Ward,	51.4049871895,	-0.184279095194,	51.416309885,	-0.161524161124
Colliers Wood Ward,	51.4120371971,	-0.184107934074,	51.4243270472,	-0.161671129101
Roehampton Ward,	51.4325661866,	-0.259113039407,	51.4652382796,	-0.220458764457
Thamesfield Ward,	51.4594295914,	-0.233649624326,	51.472833355,	-0.194857485187
Wandsworth Common Ward,	51.4337212461,	-0.188692496453,	51.4593515762,	-0.164777387424
West Hill Ward,	51.4377463836,	-0.224507809917,	51.4539728349,	-0.204557831492
West Putney Ward,	51.4512774561,	-0.243990775277,	51.4653230656,	-0.219406674389
East Putney Ward,	51.4482925668,	-0.226328289023,	51.4626906794,	-0.198307761621
Graveney2 Ward,	51.4198628057,	-0.17334702231,	51.4312994175,	-0.152567903336
Tooting Ward,	51.4230241727,	-0.184564696073,	51.4379360905,	-0.155662620665
Southfields Ward,	51.4389604416,	-0.207666803187,	51.4573710822,	-0.190039741637
Earlsfield Ward,	51.4312720339,	-0.193399436618,	51.4532065076,	-0.174308211564
Nightingale Ward,	51.435076884,	-0.168996359243,	51.4507518476,	-0.149133571315
Furzedown Ward,	51.4177520062,	-0.159592103622,	51.4316878594,	-0.137851889638
Bedford Ward,	51.4275432415,	-0.161788577884,	51.4424361932,	-0.135264140828
Balham Ward,	51.4412798553,	-0.164914691577,	51.4567960006,	-0.142322594582
Fairfield2 Ward,	51.4510393991,	-0.205110869785,	51.4649659016,	-0.17245913471
Northcote Ward,	51.4470843949,	-0.176459227612,	51.4656404171,	-0.148153860421
Latchmere Ward,	51.4615907628,	-0.186010207489,	51.4743256847,	-0.153333933832
St. Mary's Park Ward,	51.4627871484,	-0.187831973212,	51.482384527,	-0.162817175105
Queenstown Ward,	51.4676149382,	-0.166782575303,	51.4858925976,	-0.126363660081
Shaftesbury Ward,	51.4610134972,	-0.168517687095,	51.4708771335,	-0.149693436211
Palace Riverside Ward,	51.4640172738,	-0.225793519305,	51.4825863567,	-0.19739910101
Munster Ward,	51.4719078288,	-0.218116551523,	51.4830974791,	-0.203710066966
Sands End Ward,	51.463897768,	-0.200624981472,	51.4786028115,	-0.177627245122
Parsons Green and Walham Ward,	51.4694537047,	-0.20853507938,	51.4831648263,	-0.185374745532
Fulham Broadway Ward,	51.4792637089,	-0.210810343405,	51.4873723837,	-0.190794775607
Ravenscourt Park Ward,	51.4879183618,	-0.252142439982,	51.5025427033,	-0.231434768762
Hammersmith Broadway Ward,	51.4869657135,	-0.234980265844,	51.5023907598,	-0.217501075604
Avonmore and Brook Green Ward,	51.4904716137,	-0.226018827526,	51.4993744318,	-0.201835316889
Askew Ward,	51.4995819058,	-0.255090332281,	51.5067707693,	-0.232321579593
Wormholt and White City Ward,	51.5064090427,	-0.248996276692,	51.5148503242,	-0.227382566608
Shepherd's Bush Green Ward,	51.501137489,	-0.234607386883,	51.5118743726,	-0.215202896821
College Park and Old Oak Ward,	51.5094810041,	-0.252660552814,	51.5327523998,	-0.220268938064
Town2 Ward,	51.4693080152,	-0.211414429717,	51.4808017549,	-0.195570476033
Fulham Reach Ward,	51.4813818248,	-0.228713096108,	51.4908873904,	-0.208022392644
North End2 Ward,	51.4837674762,	-0.213744497469,	51.4916683375,	-0.196448165819
Addison Ward,	51.4966750579,	-0.226557909194,	51.5044629919,	-0.209922180346
Cremorne Ward,	51.47722161,	-0.186549937935,	51.4869556105,	-0.166792722639
Holland Ward,	51.4960220843,	-0.217040524046,	51.5076824747,	-0.194386742271
Norland Ward,	51.5045003425,	-0.220268938064,	51.5160190172,	-0.203085411318
Golborne Ward,	51.5175086164,	-0.228727695215,	51.5303527402,	-0.200633973308
Redcliffe Ward,	51.4809606228,	-0.195987878096,	51.4916401942,	-0.179124655779
Stanley Ward,	51.4797658222,	-0.188281047628,	51.4918591565,	-0.165029306882
Royal Hospital Ward,	51.4823828871,	-0.170133908931,	51.4932014612,	-0.149843877787
Brompton Ward,	51.4893753195,	-0.18010887159,	51.5022501451,	-0.156047584629
Abingdon Ward,	51.4918514186,	-0.207388487605,	51.5008961355,	-0.188486116145
Pembridge Ward,	51.5078663586,	-0.206528819804,	51.5150317012,	-0.19214374196
Notting Barns Ward,	51.5110739742,	-0.226563114994,	51.5201869083,	-0.209031270188
Colville Ward,	51.5125429743,	-0.21345973549,	51.5206454698,	-0.199207744876
St. Charles Ward,	51.5173458735,	-0.228301542776,	51.5258422022,	-0.210897402882
Earl's Court Ward,	51.4872059089,	-0.202387033989,	51.4947592553,	-0.189769842059
Courtfield Ward,	51.4871009576,	-0.191736427677,	51.4953127474,	-0.175663405594
Queen's Gate Ward,	51.4946389311,	-0.193474232665,	51.5023831771,	-0.179056749664
Hans Town Ward,	51.4889989767,	-0.169846164559,	51.4975106871,	-0.155015221232
Campden Ward,	51.5005558848,	-0.203761277483,	51.5101790062,	-0.184259203486
St. James's Ward,	51.4937033068,	-0.151685038111,	51.5160400544,	-0.111101485396
Lancaster Gate Ward,	51.5098680928,	-0.194367284601,	51.5175589067,	-0.175951406717
Knightsbridge and Belgravia Ward,	51.4910504222,	-0.187933516362,	51.5134152721,	-0.14625173458
Hyde Park Ward,	51.5115685927,	-0.184908699013,	51.5200975026,	-0.160234258636
Churchill Ward,	51.4838163754,	-0.15587388806,	51.4933254585,	-0.137364532582
Vincent Square Ward,	51.4876441155,	-0.142632203191,	51.4975247163,	-0.12282604479
West End Ward,	51.5018608532,	-0.15836564128,	51.5208172301,	-0.128997360295
Harrow Road Ward,	51.5227419617,	-0.207319873429,	51.5329025428,	-0.191445641867
Bryanston and Dorset Square Ward,	51.5132161884,	-0.170189897499,	51.5256858165,	-0.155982424952
Regent's Park2 Ward,	51.5221415958,	-0.18145524889,	51.5375191433,	-0.147195801082
Abbey Road Ward,	51.5283936665,	-0.188773543496,	51.5397933092,	-0.164961033492
Marylebone High Street Ward,	51.5137231391,	-0.159122367908,	51.5252701808,	-0.139179845732
Queen's Park Ward,	51.5254678332,	-0.216088485874,	51.5329569079,	-0.201387003718
Bayswater Ward,	51.5127124852,	-0.199944525147,	51.5205377025,	-0.182108802113
Warwick Ward,	51.4875176711,	-0.150330294318,	51.4972330483,	-0.137558670436
Tachbrook Ward,	51.4838373867,	-0.139882728304,	51.4928127495,	-0.127166752856
Westbourne Ward,	51.5168466065,	-0.203766767425,	51.52549339,	-0.179991272148
Little Venice Ward,	51.5199351761,	-0.190320864213,	51.5283936665,	-0.170189897499
Maida Vale Ward,	51.5249203106,	-0.19659392314,	51.5362893789,	-0.18145524889
Church Street Ward,	51.5199454206,	-0.176848285934,	51.5283330584,	-0.164000280223
Swiss Cottage Ward,	51.5357794867,	-0.19323310305,	51.5474628845,	-0.159853830825
Highgate1 Ward,	51.5532383473,	-0.173461327416,	51.5729787061,	-0.139451051723
Kilburn2 Ward,	51.5345237237,	-0.201931796333,	51.5463505695,	-0.178353306137
Bloomsbury Ward,	51.5164471048,	-0.143521201832,	51.5272963219,	-0.121853152242
Holborn and Covent Garden Ward,	51.5126521344,	-0.130471523647,	51.5255169978,	-0.10534988165
St. Pancras and Somers Town Ward,	51.5272963219,	-0.139999218982,	51.543034035,	-0.122329081136
Camden Town with Primrose Hill Ward,	51.5361436134,	-0.162231000955,	51.5454706747,	-0.136209199579
Cantelowes Ward,	51.5408901284,	-0.141905149816,	51.5488381502,	-0.125086210037
King's Cross Ward,	51.522967253,	-0.130865529264,	51.5309374347,	-0.112949347324
Fortune Green Ward,	51.5469573706,	-0.213501321387,	51.5591833989,	-0.188778926243
Frognal and Fitzjohns Ward,	51.543643017,	-0.196944543274,	51.5627656347,	-0.170848769937
Gospel Oak Ward,	51.5487074837,	-0.166156190376,	51.556294643,	-0.147207475999
Hampstead Town Ward,	51.5496302758,	-0.190371184806,	51.5710994572,	-0.158589032821
Kentish Town Ward,	51.5451714301,	-0.148251473009,	51.5582562917,	-0.129137550408
West Hampstead Ward,	51.5436448221,	-0.203736511267,	51.5529474557,	-0.179541787152
Belsize Ward,	51.5416992302,	-0.174946252118,	51.5519726494,	-0.15807405996
Haverstock Ward,	51.5425113656,	-0.161774043295,	51.5510660524,	-0.14576080862
Regent's Park1 Ward,	51.5239239731,	-0.152732394837,	51.5375688378,	-0.130865529264
Millwall Ward,	51.4845030885,	-0.0316544516661,	51.5097786395,	-0.0120734586053
Blackwall and Cubitt Town Ward,	51.4845267632,	-0.0173545935963,	51.5146371794,	0.00986391827605
Shadwell Ward,	51.5074967276,	-0.0619010173118,	51.5147349443,	-0.0348925290661
St. Katherine's and Wapping Ward,	51.5016635155,	-0.0801898537919,	51.5115449236,	-0.046395682158
Limehouse Ward,	51.5065461179,	-0.0388505682391,	51.5166060348,	-0.0117691479464
Bethnal Green South Ward,	51.5184533165,	-0.0646393693543,	51.5279246971,	-0.0462288432955
Mile End and Globe Town Ward,	51.5201488345,	-0.05585796865,	51.5318487374,	-0.0364440744189
Bethnal Green North Ward,	51.5264660269,	-0.0663132401868,	51.5355163158,	-0.0445071961181
St. Dunstan's and Stepney Green Ward,	51.5125681923,	-0.0532432095792,	51.5219865441,	-0.0338218676492
Mile End East Ward,	51.5139719856,	-0.0370654432724,	51.5279282191,	-0.0187860392489
East India and Lansbury Ward,	51.5108137362,	-0.0216435941861,	51.5238218835,	0.00411214429016
Bromley-by-Bow Ward,	51.5165951177,	-0.027341058006,	51.5298401181,	-0.00746842283036
Bow West Ward,	51.5242470685,	-0.0528360259093,	51.538132164,	-0.0210384470075
Bow East Ward,	51.5279282191,	-0.040734808609,	51.5446859019,	-0.0136472981657
Whitechapel Ward,	51.510804335,	-0.0739690628974,	51.5204531716,	-0.0496592778102
Spitalfields and Banglatown Ward,	51.5144535385,	-0.0794297263387,	51.5222115773,	-0.0627679890823
Weavers Ward,	51.5215380161,	-0.0772532753659,	51.5312573334,	-0.0639775009538
Clerkenwell Ward,	51.5185409948,	-0.119895946223,	51.5318994392,	-0.100128807462
Caledonian Ward,	51.530725552,	-0.126361908471,	51.5482155577,	-0.110891931341
St. Mary's2 Ward,	51.5331161535,	-0.113069521662,	51.5508702761,	-0.095874293488
Holloway Ward,	51.545061079,	-0.129137550408,	51.5578116005,	-0.109893773018
Highbury East Ward,	51.5461525797,	-0.109559371406,	51.5612268885,	-0.0902663318252
Highbury West Ward,	51.5505071585,	-0.116926819181,	51.5647057695,	-0.0979815657179
Tollington Ward,	51.5610298686,	-0.129237924872,	51.5738302322,	-0.110544286789
Bunhill Ward,	51.5188087645,	-0.106299083077,	51.531979419,	-0.084223510146
St. Peter's Ward,	51.5291934696,	-0.106295763943,	51.5415015293,	-0.0865708630865
Canonbury Ward,	51.5374019664,	-0.100482145441,	51.5473012981,	-0.0836294078532
Barnsbury Ward,	51.5311338277,	-0.117409705751,	51.5452321361,	-0.106022219669
St. George's Ward,	51.5488381502,	-0.138394392548,	51.5622310227,	-0.119454360812
Junction Ward,	51.5568591906,	-0.142536449967,	51.5706006353,	-0.125781754591
Finsbury Park Ward,	51.5561020593,	-0.124052269917,	51.5686059294,	-0.104391110047
Hillrise Ward,	51.5652934537,	-0.138343904124,	51.5755083207,	-0.117184392814
Mildmay Ward,	51.5460798027,	-0.0985848762303,	51.5544516064,	-0.0763576387967
Haggerston Ward,	51.5198144086,	-0.0854433927759,	51.5392029615,	-0.0622380027051
Brownswood Ward,	51.560222234,	-0.104510704572,	51.5724901774,	-0.0876085632236
De Beauvoir Ward,	51.5325740195,	-0.0896905597096,	51.5466034857,	-0.0757223014543
Queensbridge Ward,	51.5340886243,	-0.0767658841832,	51.5436660846,	-0.0552447894427
Wick Ward,	51.5411239867,	-0.0489069226735,	51.5523233024,	-0.0165272142799
Dalston Ward,	51.5423944248,	-0.0794612979066,	51.5555878679,	-0.0635195911404
Stoke Newington Central Ward,	51.5521863019,	-0.0794349319773,	51.563626299,	-0.0681456803273
Hackney Downs Ward,	51.5519026164,	-0.0716247545228,	51.5630207403,	-0.0529801680608
Leabridge Ward,	51.5518690816,	-0.058757935205,	51.5677213113,	-0.0439261624218
New River Ward,	51.5687127054,	-0.0977989534806,	51.5763570738,	-0.0657848963189
Cazenove Ward,	51.5623133482,	-0.073228332601,	51.5702884776,	-0.0581619294799
King's Park Ward,	51.5488664138,	-0.0464505428167,	51.561787627,	-0.0171678272534
Hoxton Ward,	51.5257890602,	-0.097033608918,	51.5360848258,	-0.0800296553788
Victoria Ward,	51.534426331,	-0.0572999269977,	51.5437121011,	-0.0374683324203
Hackney Central Ward,	51.5432681386,	-0.0690149846667,	51.5529726401,	-0.0513146589761
Chatham Ward,	51.5428565092,	-0.0560361796892,	51.5535098038,	-0.0397733172698
Clissold Ward,	51.5516648495,	-0.0904202872601,	51.5621997136,	-0.0784116234577
Lordship Ward,	51.5576717777,	-0.0924614950877,	51.5705973979,	-0.0728622209701
Springfield Ward,	51.5635935352,	-0.0697220328885,	51.5777842819,	-0.0511754827428
Highgate2 Ward,	51.569120267,	-0.171285248862,	51.5862343515,	-0.133427100005
Harringay Ward,	51.5646351607,	-0.112636741115,	51.5904476316,	-0.0960553459715
Fortis Green Ward,	51.5804633522,	-0.166372342808,	51.6054432494,	-0.139540796311
Bounds Green Ward,	51.5975004921,	-0.138785573133,	51.611214795,	-0.110424680976
Crouch End Ward,	51.5728659554,	-0.146203102473,	51.5838379236,	-0.114372807645
Stroud Green Ward,	51.5655388469,	-0.119567015991,	51.5833424911,	-0.1049468507
Muswell Hill Ward,	51.5797765968,	-0.150556836599,	51.5934478302,	-0.122770606893
Hornsey Ward,	51.5802719043,	-0.127640689555,	51.5931006053,	-0.10974133046
Alexandra1 Ward,	51.5882100352,	-0.147000661457,	51.6101921951,	-0.115968277452
Noel Park Ward,	51.5882216291,	-0.120168614362,	51.5995910015,	-0.093006003007
Woodside2 Ward,	51.5963770647,	-0.118883801613,	51.6085177605,	-0.0912399294788
St. Ann's Ward,	51.5770357796,	-0.0997513842595,	51.5873041339,	-0.0754592850799
Seven Sisters Ward,	51.5735889836,	-0.0987010923355,	51.5843061289,	-0.0597612075835
Tottenham Green Ward,	51.5799677102,	-0.0887723135231,	51.5895507544,	-0.0600111750416
West Green Ward,	51.5860248335,	-0.103400380128,	51.5981594442,	-0.078998481826
Tottenham Hale Ward,	51.5815088416,	-0.0703598839809,	51.6022756209,	-0.0482709204446
White Hart Lane Ward,	51.5978389749,	-0.0990997000701,	51.6092979093,	-0.0720279932183
Bruce Grove Ward,	51.5881726861,	-0.0857520441216,	51.5987131375,	-0.0680600762866
Northumberland Park Ward,	51.5968505925,	-0.0756422924193,	51.608938978,	-0.041447834964
Royal Docks Ward,	51.4960037019,	0.0102394558166,	51.5075726337,	0.082769682882
Canning Town North Ward,	51.5146371794,	-0.00906189809606,	51.5300002698,	0.0273793540092
Beckton Ward,	51.5047684895,	0.0407985257755,	51.5276328402,	0.0997977045296
East Ham South Ward,	51.5196364913,	0.0393562266836,	51.5307964879,	0.0804769463745
Stratford and New Town Ward,	51.5253766464,	-0.0212641433831,	51.552629005,	0.0105090565955
Canning Town South Ward,	51.5038112285,	0.00222244551901,	51.523692543,	0.0267999701985
Custom House Ward,	51.5054459417,	0.020244548571,	51.5196885106,	0.048166218921
Plaistow South Ward,	51.5170236544,	0.0238731067221,	51.5322455357,	0.0412822923726
West Ham Ward,	51.528298062,	0.000689411859551,	51.5415940143,	0.0225809811013
Plaistow North Ward,	51.5251820577,	0.0119379311755,	51.5373830889,	0.0349390466502
Forest Gate South Ward,	51.5399159468,	0.00479914321807,	51.5508875762,	0.035809980708
Boleyn Ward,	51.5246757249,	0.0317972161119,	51.5374272495,	0.0491339232726
East Ham Central Ward,	51.5260341958,	0.0439937678883,	51.5397521698,	0.0593438436895
Green Street West Ward,	51.533473956,	0.0211242905513,	51.5469306195,	0.0353987851075
Green Street East Ward,	51.5354083815,	0.0311490787296,	51.5479046457,	0.0441379908674
East Ham North Ward,	51.5374272495,	0.0389561611705,	51.5483467356,	0.0652181682699
Wall End Ward,	51.5287359996,	0.0534949858857,	51.5447737547,	0.0725668721686
Forest Gate North Ward,	51.5461792104,	0.00505598570419,	51.5568751232,	0.0359917394496
Manor Park Ward,	51.5421468477,	0.0345635852307,	51.5578233599,	0.0545679273669
Little Ilford Ward,	51.5442541736,	0.0419285887566,	51.5639889926,	0.0687168578461
Gascoigne Ward,	51.5276328402,	0.0686670112343,	51.5376715236,	0.100623266663
Thames Ward,	51.5115034878,	0.0804769463745,	51.5345044746,	0.14777601236
River Ward,	51.5087684546,	0.140229391848,	51.5415973238,	0.165983943291
Village1 Ward,	51.5287998642,	0.147904133268,	51.547563332,	0.186012206305
Abbey1 Ward,	51.5335947118,	0.0666490492195,	51.544795699,	0.0936014542523
Longbridge Ward,	51.5376717406,	0.0801103157551,	51.5509581489,	0.109740666509
Eastbury Ward,	51.5314841741,	0.0814813385727,	51.5399050653,	0.122242747715
Goresbrook Ward,	51.5307112276,	0.122117465369,	51.5411144044,	0.148271866522
Mayesbrook Ward,	51.5385075075,	0.104198191832,	51.5518309914,	0.134178265128
Becontree Ward,	51.5474004565,	0.10618229355,	51.5643410506,	0.12768889232
Alibon Ward,	51.540715663,	0.131897905682,	51.551403189,	0.161574098545
Valence Ward,	51.5555391413,	0.12384929932,	51.5670612688,	0.147927688712
Heath Ward,	51.550933389,	0.136835203982,	51.5661423832,	0.168715706872
Whalebone Ward,	51.5610071617,	0.129316619195,	51.5757756533,	0.154275608387
Eastbrook Ward,	51.5433264359,	0.156350682127,	51.5655110925,	0.190189876267
Chadwell Heath Ward,	51.5707532858,	0.126374615659,	51.599436482,	0.151199242473
Parsloes Ward,	51.543762525,	0.124082623817,	51.5558412331,	0.146494371078
Castle Baynard Ward,	51.5084091889,	-0.109652650002,	51.5177779711,	-0.0970695035458
Farringdon Without Ward,	51.5097693552,	-0.113821030201,	51.5201283459,	-0.0986281343365
Farringdon Within Ward,	51.5117759518,	-0.106669494966,	51.5210318747,	-0.0970404407938
Cripplegate Ward,	51.5174893761,	-0.0979724116319,	51.5233212742,	-0.0899805474316
Langbourn Ward,	51.5115639425,	-0.0886908665443,	51.5133561151,	-0.080237814318
Tower Ward,	51.5068695707,	-0.082302353899,	51.5140740735,	-0.0727492843098
Bishopsgate Ward,	51.5150164921,	-0.0862274104483,	51.5219534095,	-0.0768768794056
Queenhithe Ward,	51.5092847368,	-0.0999517985815,	51.5119648019,	-0.094593213112
Vintry Ward,	51.5085108022,	-0.0972529938147,	51.5129030329,	-0.0912529760558
Cordwainer Ward,	51.511694639,	-0.095165606633,	51.5141763067,	-0.0897473876745
Bread Street Ward,	51.5118952173,	-0.101250019085,	51.5158357436,	-0.0944882104577
Cheap Ward,	51.5136468473,	-0.0987020475525,	51.5168091303,	-0.0908698947483
Bassishaw Ward,	51.5152047236,	-0.0960494412055,	51.5185240156,	-0.0895595919577
Aldersgate Ward,	51.5160685155,	-0.0986060827811,	51.5217211693,	-0.0943416260003
Dowgate Ward,	51.5080174309,	-0.0926509151979,	51.5120024468,	-0.0879777511969
Bridge Ward,	51.5077327161,	-0.0889694683021,	51.5119192231,	-0.0830636171018
Billingsgate Ward,	51.5070620627,	-0.0857376020249,	51.511706078,	-0.0800173836077
Walbrook Ward,	51.5114399852,	-0.0918092891604,	51.5150246644,	-0.0854973285296
Cornhill Ward,	51.5127765069,	-0.088966328453,	51.5163849537,	-0.081663574183
Lime Street Ward,	51.5124598609,	-0.0844019583959,	51.5158979696,	-0.0799866927344
Aldgate Ward,	51.5115184495,	-0.0822167245224,	51.5160501728,	-0.075776895145
Broad Street Ward,	51.5146315497,	-0.0894729910118,	51.5177800373,	-0.0831286860186
Coleman Street Ward,	51.5147132709,	-0.092623770732,	51.5210275471,	-0.0841802471707
Portsoken Ward,	51.5117346677,	-0.0781492997188,	51.5166585729,	-0.0730631686659
Candlewick Ward,	51.510197703,	-0.0894099099994,	51.5128060361,	-0.0851600201
